coverpoint,bin,hits
branch,beq_backward,1
branch,beq_forward,7
branch,beq_not_taken,2
branch,beq_taken,6
branch,bge_backward,1
branch,bge_forward,42
branch,bge_not_taken,34
branch,bge_taken,9
branch,bgeu_backward,1
branch,bgeu_forward,2
branch,bgeu_not_taken,2
branch,bgeu_taken,1
branch,blt_backward,1
branch,blt_forward,8
branch,blt_not_taken,7
branch,blt_taken,2
branch,bltu_backward,1
branch,bltu_forward,2
branch,bltu_not_taken,2
branch,bltu_taken,1
branch,bne_backward,4
branch,bne_forward,2
branch,bne_not_taken,3
branch,bne_taken,3
cross_instr_sign,add_neg_neg,2
cross_instr_sign,add_neg_nonneg,4
cross_instr_sign,add_nonneg_neg,1
cross_instr_sign,add_nonneg_nonneg,87
cross_instr_sign,and_neg_neg,2
cross_instr_sign,and_neg_nonneg,5
cross_instr_sign,and_nonneg_neg,2
cross_instr_sign,and_nonneg_nonneg,7
cross_instr_sign,or_neg_neg,2
cross_instr_sign,or_neg_nonneg,4
cross_instr_sign,or_nonneg_neg,3
cross_instr_sign,or_nonneg_nonneg,19
cross_instr_sign,sll_neg_neg,2
cross_instr_sign,sll_neg_nonneg,4
cross_instr_sign,sll_nonneg_neg,1
cross_instr_sign,sll_nonneg_nonneg,13
cross_instr_sign,slt_neg_neg,2
cross_instr_sign,slt_neg_nonneg,7
cross_instr_sign,slt_nonneg_neg,1
cross_instr_sign,slt_nonneg_nonneg,16
cross_instr_sign,sltu_neg_neg,3
cross_instr_sign,sltu_neg_nonneg,5
cross_instr_sign,sltu_nonneg_neg,1
cross_instr_sign,sltu_nonneg_nonneg,7
cross_instr_sign,sra_neg_neg,2
cross_instr_sign,sra_neg_nonneg,5
cross_instr_sign,sra_nonneg_neg,1
cross_instr_sign,sra_nonneg_nonneg,6
cross_instr_sign,srl_neg_neg,2
cross_instr_sign,srl_neg_nonneg,5
cross_instr_sign,srl_nonneg_neg,1
cross_instr_sign,srl_nonneg_nonneg,9
cross_instr_sign,sub_neg_neg,2
cross_instr_sign,sub_neg_nonneg,5
cross_instr_sign,sub_nonneg_neg,1
cross_instr_sign,sub_nonneg_nonneg,16
cross_instr_sign,xor_neg_neg,2
cross_instr_sign,xor_neg_nonneg,5
cross_instr_sign,xor_nonneg_neg,1
cross_instr_sign,xor_nonneg_nonneg,18
format,B,72
format,I,666
format,J,35
format,R,281
format,S,131
format,U,2
instruction,add,94
instruction,addi,154
instruction,and,16
instruction,andi,30
instruction,auipc,1
instruction,beq,8
instruction,bge,43
instruction,bgeu,3
instruction,blt,9
instruction,bltu,3
instruction,bne,6
instruction,ebreak,1
instruction,ecall,123
instruction,fence,1
instruction,jal,35
instruction,jalr,4
instruction,lb,20
instruction,lbu,22
instruction,lh,23
instruction,lhu,21
instruction,lui,1
instruction,lw,39
instruction,or,28
instruction,ori,31
instruction,sb,38
instruction,sh,38
instruction,sll,20
instruction,slli,49
instruction,slt,26
instruction,slti,21
instruction,sltiu,23
instruction,sltu,16
instruction,sra,14
instruction,srai,39
instruction,srl,17
instruction,srli,36
instruction,sub,24
instruction,sw,55
instruction,xor,26
instruction,xori,29
memory,LBU_zero_extended_highbit,4
memory,LB_sign_extended_negative,1
memory,LB_sign_extended_nonneg,19
memory,LHU_zero_extended_highbit,1
memory,LH_sign_extended_negative,1
memory,LH_sign_extended_nonneg,22
memory,lb_used,20
memory,lbu_used,22
memory,lh_used,23
memory,lhu_used,21
memory,lw_used,39
memory,offset_0,97
memory,offset_1,45
memory,offset_2,56
memory,offset_3,58
memory,sb_used,38
memory,sh_used,38
memory,sw_used,55
operand,add_rd_eq_rs1,31
operand,add_rd_x0,33
operand,add_result_negative,6
operand,add_result_overflow_wrap,2
operand,add_result_zero,11
operand,add_rs1_allones,1
operand,add_rs1_eq_rs2,3
operand,add_rs1_int32max,2
operand,add_rs1_int32min,4
operand,add_rs1_negative,6
operand,add_rs1_positive,68
operand,add_rs1_x0,1
operand,add_rs1_zero,20
operand,add_rs2_allones,1
operand,add_rs2_int32max,3
operand,add_rs2_int32min,2
operand,add_rs2_negative,3
operand,add_rs2_positive,49
operand,add_rs2_x0,33
operand,add_rs2_zero,42
operand,addi_imm_max,2
operand,addi_imm_min,2
operand,addi_imm_negative,15
operand,addi_imm_positive,107
operand,addi_imm_zero,32
operand,addi_rd_eq_rs1,38
operand,addi_rd_x0,1
operand,addi_result_negative,13
operand,addi_result_overflow_wrap,1
operand,addi_result_zero,11
operand,addi_rs1_allones,1
operand,addi_rs1_int32max,2
operand,addi_rs1_int32min,3
operand,addi_rs1_negative,4
operand,addi_rs1_positive,60
operand,addi_rs1_x0,66
operand,addi_rs1_zero,90
operand,and_rd_eq_rs1,1
operand,and_rd_x0,1
operand,and_result_negative,2
operand,and_result_zero,13
operand,and_rs1_allones,1
operand,and_rs1_eq_rs2,2
operand,and_rs1_int32max,1
operand,and_rs1_int32min,4
operand,and_rs1_negative,7
operand,and_rs1_positive,3
operand,and_rs1_x0,1
operand,and_rs1_zero,6
operand,and_rs2_allones,1
operand,and_rs2_int32max,3
operand,and_rs2_int32min,2
operand,and_rs2_negative,4
operand,and_rs2_positive,8
operand,and_rs2_x0,2
operand,and_rs2_zero,4
operand,andi_imm_max,1
operand,andi_imm_min,1
operand,andi_imm_negative,14
operand,andi_imm_positive,14
operand,andi_imm_zero,2
operand,andi_rd_eq_rs1,1
operand,andi_rd_x0,1
operand,andi_result_negative,1
operand,andi_result_zero,27
operand,andi_rs1_allones,2
operand,andi_rs1_int32max,1
operand,andi_rs1_int32min,2
operand,andi_rs1_negative,4
operand,andi_rs1_positive,4
operand,andi_rs1_x0,1
operand,andi_rs1_zero,22
operand,or_rd_eq_rs1,2
operand,or_rd_x0,4
operand,or_result_negative,9
operand,or_result_zero,16
operand,or_rs1_allones,1
operand,or_rs1_eq_rs2,4
operand,or_rs1_int32max,1
operand,or_rs1_int32min,4
operand,or_rs1_negative,6
operand,or_rs1_positive,3
operand,or_rs1_x0,1
operand,or_rs1_zero,19
operand,or_rs2_allones,1
operand,or_rs2_int32max,3
operand,or_rs2_int32min,2
operand,or_rs2_negative,5
operand,or_rs2_positive,6
operand,or_rs2_x0,2
operand,or_rs2_zero,17
operand,ori_imm_max,1
operand,ori_imm_min,1
operand,ori_imm_negative,14
operand,ori_imm_positive,14
operand,ori_imm_zero,3
operand,ori_rd_eq_rs1,2
operand,ori_rd_x0,2
operand,ori_result_negative,18
operand,ori_result_zero,1
operand,ori_rs1_allones,1
operand,ori_rs1_int32max,1
operand,ori_rs1_int32min,3
operand,ori_rs1_negative,4
operand,ori_rs1_positive,4
operand,ori_rs1_x0,3
operand,ori_rs1_zero,23
operand,sll_rd_eq_rs1,1
operand,sll_rd_x0,1
operand,sll_result_negative,3
operand,sll_result_zero,11
operand,sll_rs1_allones,1
operand,sll_rs1_eq_rs2,2
operand,sll_rs1_int32max,1
operand,sll_rs1_int32min,4
operand,sll_rs1_negative,6
operand,sll_rs1_positive,6
operand,sll_rs1_x0,1
operand,sll_rs1_zero,8
operand,sll_rs2_allones,1
operand,sll_rs2_int32max,3
operand,sll_rs2_int32min,2
operand,sll_rs2_negative,3
operand,sll_rs2_positive,8
operand,sll_rs2_x0,1
operand,sll_rs2_zero,9
operand,sll_shamt_0,12
operand,sll_shamt_31,4
operand,sll_shamt_mid,4
operand,slli_rd_eq_rs1,3
operand,slli_rd_x0,2
operand,slli_result_negative,6
operand,slli_result_zero,29
operand,slli_rs1_allones,1
operand,slli_rs1_int32max,1
operand,slli_rs1_int32min,2
operand,slli_rs1_negative,4
operand,slli_rs1_positive,17
operand,slli_rs1_x0,4
operand,slli_rs1_zero,28
operand,slli_shamt_0,3
operand,slli_shamt_31,3
operand,slli_shamt_mid,43
operand,slt_rd_eq_rs1,1
operand,slt_rd_x0,1
operand,slt_result_zero,18
operand,slt_rs1_allones,3
operand,slt_rs1_eq_rs2,3
operand,slt_rs1_int32max,1
operand,slt_rs1_int32min,5
operand,slt_rs1_negative,9
operand,slt_rs1_positive,3
operand,slt_rs1_x0,2
operand,slt_rs1_zero,14
operand,slt_rs2_allones,1
operand,slt_rs2_int32max,4
operand,slt_rs2_int32min,2
operand,slt_rs2_negative,3
operand,slt_rs2_positive,8
operand,slt_rs2_x0,2
operand,slt_rs2_zero,15
operand,slti_imm_max,1
operand,slti_imm_min,1
operand,slti_imm_negative,8
operand,slti_imm_positive,10
operand,slti_imm_zero,3
operand,slti_rd_eq_rs1,1
operand,slti_rd_x0,2
operand,slti_result_zero,9
operand,slti_rs1_allones,1
operand,slti_rs1_int32max,1
operand,slti_rs1_int32min,2
operand,slti_rs1_negative,4
operand,slti_rs1_positive,3
operand,slti_rs1_x0,2
operand,slti_rs1_zero,14
operand,sltiu_imm_max,1
operand,sltiu_imm_min,1
operand,sltiu_imm_negative,10
operand,sltiu_imm_positive,10
operand,sltiu_imm_zero,3
operand,sltiu_rd_eq_rs1,1
operand,sltiu_rd_x0,2
operand,sltiu_result_zero,4
operand,sltiu_rs1_allones,1
operand,sltiu_rs1_int32max,1
operand,sltiu_rs1_int32min,2
operand,sltiu_rs1_negative,3
operand,sltiu_rs1_positive,1
operand,sltiu_rs1_x0,2
operand,sltiu_rs1_zero,19
operand,sltu_rd_eq_rs1,1
operand,sltu_rd_x0,2
operand,sltu_result_zero,13
operand,sltu_rs1_allones,2
operand,sltu_rs1_eq_rs2,2
operand,sltu_rs1_int32max,1
operand,sltu_rs1_int32min,4
operand,sltu_rs1_negative,8
operand,sltu_rs1_positive,2
operand,sltu_rs1_x0,1
operand,sltu_rs1_zero,6
operand,sltu_rs2_allones,1
operand,sltu_rs2_int32max,3
operand,sltu_rs2_int32min,2
operand,sltu_rs2_negative,4
operand,sltu_rs2_positive,6
operand,sltu_rs2_x0,1
operand,sltu_rs2_zero,6
operand,sra_rd_eq_rs1,1
operand,sra_rd_x0,1
operand,sra_result_negative,7
operand,sra_result_zero,4
operand,sra_rs1_allones,1
operand,sra_rs1_eq_rs2,2
operand,sra_rs1_int32max,1
operand,sra_rs1_int32min,5
operand,sra_rs1_negative,7
operand,sra_rs1_positive,3
operand,sra_rs1_x0,1
operand,sra_rs1_zero,4
operand,sra_rs2_allones,1
operand,sra_rs2_int32max,3
operand,sra_rs2_int32min,2
operand,sra_rs2_negative,3
operand,sra_rs2_positive,6
operand,sra_rs2_x0,2
operand,sra_rs2_zero,5
operand,sra_shamt_0,7
operand,sra_shamt_31,4
operand,sra_shamt_mid,3
operand,srai_rd_eq_rs1,1
operand,srai_rd_x0,1
operand,srai_result_negative,4
operand,srai_result_zero,34
operand,srai_rs1_allones,1
operand,srai_rs1_int32max,1
operand,srai_rs1_int32min,3
operand,srai_rs1_negative,4
operand,srai_rs1_positive,2
operand,srai_rs1_x0,3
operand,srai_rs1_zero,33
operand,srai_shamt_0,3
operand,srai_shamt_31,3
operand,srai_shamt_mid,33
operand,srl_rd_eq_rs1,1
operand,srl_rd_x0,1
operand,srl_result_negative,1
operand,srl_result_zero,8
operand,srl_rs1_allones,1
operand,srl_rs1_eq_rs2,2
operand,srl_rs1_int32max,1
operand,srl_rs1_int32min,5
operand,srl_rs1_negative,7
operand,srl_rs1_positive,2
operand,srl_rs1_x0,1
operand,srl_rs1_zero,8
operand,srl_rs2_allones,1
operand,srl_rs2_int32max,3
operand,srl_rs2_int32min,2
operand,srl_rs2_negative,3
operand,srl_rs2_positive,6
operand,srl_rs2_x0,2
operand,srl_rs2_zero,8
operand,srl_shamt_0,10
operand,srl_shamt_31,4
operand,srl_shamt_mid,3
operand,srli_rd_eq_rs1,3
operand,srli_rd_x0,2
operand,srli_result_negative,1
operand,srli_result_zero,31
operand,srli_rs1_allones,1
operand,srli_rs1_int32max,1
operand,srli_rs1_int32min,3
operand,srli_rs1_negative,5
operand,srli_rs1_positive,3
operand,srli_rs1_x0,3
operand,srli_rs1_zero,28
operand,srli_shamt_0,1
operand,srli_shamt_31,2
operand,srli_shamt_mid,33
operand,sub_rd_eq_rs1,1
operand,sub_rd_x0,1
operand,sub_result_negative,6
operand,sub_result_overflow_wrap,5
operand,sub_result_zero,9
operand,sub_rs1_allones,1
operand,sub_rs1_eq_rs2,2
operand,sub_rs1_int32max,1
operand,sub_rs1_int32min,5
operand,sub_rs1_negative,7
operand,sub_rs1_positive,7
operand,sub_rs1_x0,2
operand,sub_rs1_zero,10
operand,sub_rs2_allones,1
operand,sub_rs2_int32max,3
operand,sub_rs2_int32min,2
operand,sub_rs2_negative,3
operand,sub_rs2_positive,12
operand,sub_rs2_x0,1
operand,sub_rs2_zero,9
operand,xor_rd_eq_rs1,1
operand,xor_rd_x0,1
operand,xor_result_negative,6
operand,xor_result_zero,16
operand,xor_rs1_allones,1
operand,xor_rs1_eq_rs2,2
operand,xor_rs1_int32max,1
operand,xor_rs1_int32min,4
operand,xor_rs1_negative,7
operand,xor_rs1_positive,2
operand,xor_rs1_x0,1
operand,xor_rs1_zero,17
operand,xor_rs2_allones,1
operand,xor_rs2_int32max,3
operand,xor_rs2_int32min,2
operand,xor_rs2_negative,3
operand,xor_rs2_positive,8
operand,xor_rs2_x0,1
operand,xor_rs2_zero,15
operand,xori_imm_max,1
operand,xori_imm_min,1
operand,xori_imm_negative,16
operand,xori_imm_positive,9
operand,xori_imm_zero,4
operand,xori_rd_eq_rs1,2
operand,xori_rd_x0,1
operand,xori_result_negative,21
operand,xori_result_zero,1
operand,xori_rs1_allones,2
operand,xori_rs1_int32max,1
operand,xori_rs1_int32min,3
operand,xori_rs1_negative,5
operand,xori_rs1_positive,2
operand,xori_rs1_x0,2
operand,xori_rs1_zero,22
register_read,x0,178
register_read,x1,164
register_read,x10,48
register_read,x11,45
register_read,x12,82
register_read,x13,79
register_read,x14,70
register_read,x15,30
register_read,x16,42
register_read,x17,28
register_read,x18,22
register_read,x19,13
register_read,x2,109
register_read,x20,227
register_read,x21,15
register_read,x22,21
register_read,x23,21
register_read,x24,19
register_read,x25,17
register_read,x26,18
register_read,x27,18
register_read,x28,7
register_read,x29,15
register_read,x3,49
register_read,x30,16
register_read,x31,15
register_read,x4,47
register_read,x5,26
register_read,x6,19
register_read,x7,13
register_read,x8,18
register_read,x9,18
register_write,x0,99
register_write,x1,48
register_write,x10,38
register_write,x11,53
register_write,x12,61
register_write,x13,64
register_write,x14,59
register_write,x15,40
register_write,x16,25
register_write,x17,27
register_write,x18,13
register_write,x19,17
register_write,x2,17
register_write,x20,2
register_write,x21,10
register_write,x22,14
register_write,x23,20
register_write,x24,13
register_write,x25,13
register_write,x26,16
register_write,x27,15
register_write,x28,13
register_write,x29,13
register_write,x3,58
register_write,x30,15
register_write,x31,12
register_write,x4,13
register_write,x5,15
register_write,x6,17
register_write,x7,12
register_write,x8,14
register_write,x9,13
